{"v":"5.4.3","fr":60,"ip":0,"op":60,"w":72,"h":72,"nm":"gitlab","ddd":0,"assets":[],"layers":[{"ddd":0,"ind":1,"ty":4,"nm":"gitlab Outlines 2","sr":1,"ks":{"o":{"a":1,"k":[{"i":{"x":[0.833],"y":[0.833]},"o":{"x":[0.167],"y":[0.167]},"n":["0p833_0p833_0p167_0p167"],"t":0,"s":[100],"e":[50]},{"t":5}],"ix":11},"r":{"a":0,"k":0,"ix":10},"p":{"a":0,"k":[36,36,0],"ix":2},"a":{"a":0,"k":[12,12,0],"ix":1},"s":{"a":0,"k":[300,300,100],"ix":6}},"ao":0,"shapes":[{"ty":"gr","it":[{"ind":0,"ty":"sh","ix":1,"ks":{"a":0,"k":{"i":[[0.312,-0.201],[0,0],[0,0],[-0.113,0.344],[0,0],[0,0],[-0.048,0.044],[-0.165,-0.15],[-0.02,-0.069],[0,0],[0,0],[0,0],[-0.048,0.044],[-0.164,-0.15],[-0.021,-0.069],[0,0],[0,0]],"o":[[0,0],[0,0],[-0.293,-0.215],[0,0],[0,0],[0.023,-0.062],[0.165,-0.15],[0.051,0.05],[0,0],[0,0],[0,0],[0.023,-0.062],[0.165,-0.15],[0.052,0.05],[0,0],[0,0],[0.103,0.356]],"v":[[10.631,2.4],[-0.02,10.14],[-10.669,2.4],[-10.971,1.461],[-9.749,-2.32],[-7.309,-9.829],[-7.201,-9.99],[-6.62,-9.99],[-6.51,-9.809],[-4.07,-2.32],[4.029,-2.32],[6.471,-9.829],[6.579,-9.99],[7.16,-9.99],[7.271,-9.809],[9.71,-2.3],[10.98,1.461]],"c":true},"ix":2},"nm":"Path 1","mn":"ADBE Vector Shape - Group","hd":false},{"ty":"st","c":{"a":0,"k":[0,0,0,1],"ix":3},"o":{"a":0,"k":100,"ix":4},"w":{"a":0,"k":2,"ix":5},"lc":2,"lj":2,"bm":0,"nm":"Stroke 1","mn":"ADBE Vector Graphic - Stroke","hd":false},{"ty":"tr","p":{"a":0,"k":[12.02,11.99],"ix":2},"a":{"a":0,"k":[0,0],"ix":1},"s":{"a":0,"k":[100,100],"ix":3},"r":{"a":0,"k":0,"ix":6},"o":{"a":0,"k":100,"ix":7},"sk":{"a":0,"k":0,"ix":4},"sa":{"a":0,"k":0,"ix":5},"nm":"Transform"}],"nm":"Group 1","np":2,"cix":2,"bm":0,"ix":1,"mn":"ADBE Vector Group","hd":false},{"ty":"tm","s":{"a":0,"k":0,"ix":1},"e":{"a":0,"k":100,"ix":2},"o":{"a":0,"k":0,"ix":3},"m":1,"ix":2,"nm":"Trim Paths 1","mn":"ADBE Vector Filter - Trim","hd":false}],"ip":0,"op":1800,"st":0,"bm":0},{"ddd":0,"ind":2,"ty":4,"nm":"gitlab Outlines","sr":1,"ks":{"o":{"a":0,"k":100,"ix":11},"r":{"a":0,"k":0,"ix":10},"p":{"a":0,"k":[36,36,0],"ix":2},"a":{"a":0,"k":[12,12,0],"ix":1},"s":{"a":0,"k":[300,300,100],"ix":6}},"ao":0,"shapes":[{"ty":"gr","it":[{"ind":0,"ty":"sh","ix":1,"ks":{"a":0,"k":{"i":[[0.312,-0.201],[0,0],[0,0],[-0.113,0.344],[0,0],[0,0],[-0.048,0.044],[-0.165,-0.15],[-0.02,-0.069],[0,0],[0,0],[0,0],[-0.048,0.044],[-0.164,-0.15],[-0.021,-0.069],[0,0],[0,0]],"o":[[0,0],[0,0],[-0.293,-0.215],[0,0],[0,0],[0.023,-0.062],[0.165,-0.15],[0.051,0.05],[0,0],[0,0],[0,0],[0.023,-0.062],[0.165,-0.15],[0.052,0.05],[0,0],[0,0],[0.103,0.356]],"v":[[10.631,2.4],[-0.02,10.14],[-10.669,2.4],[-10.971,1.461],[-9.749,-2.32],[-7.309,-9.829],[-7.201,-9.99],[-6.62,-9.99],[-6.51,-9.809],[-4.07,-2.32],[4.029,-2.32],[6.471,-9.829],[6.579,-9.99],[7.16,-9.99],[7.271,-9.809],[9.71,-2.3],[10.98,1.461]],"c":true},"ix":2},"nm":"Path 1","mn":"ADBE Vector Shape - Group","hd":false},{"ty":"st","c":{"a":0,"k":[0,0,0,1],"ix":3},"o":{"a":0,"k":100,"ix":4},"w":{"a":0,"k":2,"ix":5},"lc":2,"lj":2,"bm":0,"nm":"Stroke 1","mn":"ADBE Vector Graphic - Stroke","hd":false},{"ty":"tr","p":{"a":0,"k":[12.02,11.99],"ix":2},"a":{"a":0,"k":[0,0],"ix":1},"s":{"a":0,"k":[100,100],"ix":3},"r":{"a":0,"k":0,"ix":6},"o":{"a":0,"k":100,"ix":7},"sk":{"a":0,"k":0,"ix":4},"sa":{"a":0,"k":0,"ix":5},"nm":"Transform"}],"nm":"Group 1","np":2,"cix":2,"bm":0,"ix":1,"mn":"ADBE Vector Group","hd":false},{"ty":"tm","s":{"a":1,"k":[{"i":{"x":[0.212],"y":[1]},"o":{"x":[0.82],"y":[0]},"n":["0p212_1_0p82_0"],"t":0,"s":[100],"e":[0]},{"t":45}],"ix":1},"e":{"a":0,"k":100,"ix":2},"o":{"a":0,"k":0,"ix":3},"m":1,"ix":2,"nm":"Trim Paths 1","mn":"ADBE Vector Filter - Trim","hd":false}],"ip":0,"op":1800,"st":0,"bm":0}],"markers":[]}