{"v":"5.4.3","fr":60,"ip":0,"op":60,"w":72,"h":72,"nm":"phone-call","ddd":0,"assets":[],"layers":[{"ddd":0,"ind":1,"ty":4,"nm":"phone-call Outlines 2","sr":1,"ks":{"o":{"a":1,"k":[{"i":{"x":[0.833],"y":[0.833]},"o":{"x":[0.167],"y":[0.167]},"n":["0p833_0p833_0p167_0p167"],"t":0,"s":[100],"e":[50]},{"t":5}],"ix":11},"r":{"a":0,"k":0,"ix":10},"p":{"a":0,"k":[36,36,0],"ix":2},"a":{"a":0,"k":[12,12,0],"ix":1},"s":{"a":0,"k":[300,300,100],"ix":6}},"ao":0,"shapes":[{"ty":"gr","it":[{"ind":0,"ty":"sh","ix":1,"ks":{"a":0,"k":{"i":[[0.025,-1.015],[0,0],[1.104,-0.004],[0.063,0.006],[2.597,1.684],[1.535,2.417],[0.328,3.091],[-1.1,0.099],[-0.06,0],[0,0],[-0.14,-0.994],[-0.338,-0.907],[0.549,-0.555],[0,0],[-2.504,-1.424],[0,0],[-0.731,-0.276],[-0.96,-0.126]],"o":[[0,0],[0.005,1.104],[-0.063,0.001],[-3.077,-0.334],[-2.416,-1.535],[-1.69,-2.609],[-0.099,-1.1],[0.059,-0.005],[0,0],[1.004,-0.01],[0.127,0.96],[0.275,0.731],[0,0],[1.424,2.504],[0,0],[0.555,-0.549],[0.907,0.337],[1.005,0.142]],"v":[[9.49,5.456],[9.49,8.456],[7.497,10.464],[7.309,10.456],[-1.32,7.385],[-7.32,1.385],[-10.391,-7.285],[-8.579,-9.456],[-8.4,-9.464],[-5.4,-9.464],[-3.4,-7.745],[-2.701,-4.934],[-3.15,-2.824],[-4.421,-1.555],[1.579,4.445],[2.85,3.176],[4.96,2.727],[7.77,3.426]],"c":true},"ix":2},"nm":"Path 1","mn":"ADBE Vector Shape - Group","hd":false},{"ind":1,"ty":"sh","ix":2,"ks":{"a":0,"k":{"i":[[0,0],[-0.47,-4.179]],"o":[[4.179,0.464],[0,0]],"v":[[2.54,-10.464],[10.49,-2.525]],"c":false},"ix":2},"nm":"Path 2","mn":"ADBE Vector Shape - Group","hd":false},{"ind":2,"ty":"sh","ix":3,"ks":{"a":0,"k":{"i":[[0,0],[-0.39,-1.998]],"o":[[1.998,0.39],[0,0]],"v":[[2.54,-6.464],[6.49,-2.514]],"c":false},"ix":2},"nm":"Path 3","mn":"ADBE Vector Shape - Group","hd":false},{"ty":"mm","mm":1,"nm":"Merge Paths 1","mn":"ADBE Vector Filter - Merge","hd":false},{"ty":"st","c":{"a":0,"k":[0,0,0,1],"ix":3},"o":{"a":0,"k":100,"ix":4},"w":{"a":0,"k":2,"ix":5},"lc":2,"lj":2,"bm":0,"nm":"Stroke 1","mn":"ADBE Vector Graphic - Stroke","hd":false},{"ty":"tr","p":{"a":0,"k":[12.51,11.464],"ix":2},"a":{"a":0,"k":[0,0],"ix":1},"s":{"a":0,"k":[100,100],"ix":3},"r":{"a":0,"k":0,"ix":6},"o":{"a":0,"k":100,"ix":7},"sk":{"a":0,"k":0,"ix":4},"sa":{"a":0,"k":0,"ix":5},"nm":"Transform"}],"nm":"Group 1","np":5,"cix":2,"bm":0,"ix":1,"mn":"ADBE Vector Group","hd":false},{"ty":"tm","s":{"a":0,"k":0,"ix":1},"e":{"a":0,"k":100,"ix":2},"o":{"a":0,"k":0,"ix":3},"m":1,"ix":2,"nm":"Trim Paths 1","mn":"ADBE Vector Filter - Trim","hd":false}],"ip":0,"op":1800,"st":0,"bm":0},{"ddd":0,"ind":2,"ty":4,"nm":"phone-call Outlines","sr":1,"ks":{"o":{"a":0,"k":100,"ix":11},"r":{"a":0,"k":0,"ix":10},"p":{"a":0,"k":[36,36,0],"ix":2},"a":{"a":0,"k":[12,12,0],"ix":1},"s":{"a":0,"k":[300,300,100],"ix":6}},"ao":0,"shapes":[{"ty":"gr","it":[{"ind":0,"ty":"sh","ix":1,"ks":{"a":0,"k":{"i":[[0.025,-1.015],[0,0],[1.104,-0.004],[0.063,0.006],[2.597,1.684],[1.535,2.417],[0.328,3.091],[-1.1,0.099],[-0.06,0],[0,0],[-0.14,-0.994],[-0.338,-0.907],[0.549,-0.555],[0,0],[-2.504,-1.424],[0,0],[-0.731,-0.276],[-0.96,-0.126]],"o":[[0,0],[0.005,1.104],[-0.063,0.001],[-3.077,-0.334],[-2.416,-1.535],[-1.69,-2.609],[-0.099,-1.1],[0.059,-0.005],[0,0],[1.004,-0.01],[0.127,0.96],[0.275,0.731],[0,0],[1.424,2.504],[0,0],[0.555,-0.549],[0.907,0.337],[1.005,0.142]],"v":[[9.49,5.456],[9.49,8.456],[7.497,10.464],[7.309,10.456],[-1.32,7.385],[-7.32,1.385],[-10.391,-7.285],[-8.579,-9.456],[-8.4,-9.464],[-5.4,-9.464],[-3.4,-7.745],[-2.701,-4.934],[-3.15,-2.824],[-4.421,-1.555],[1.579,4.445],[2.85,3.176],[4.96,2.727],[7.77,3.426]],"c":true},"ix":2},"nm":"Path 1","mn":"ADBE Vector Shape - Group","hd":false},{"ind":1,"ty":"sh","ix":2,"ks":{"a":0,"k":{"i":[[0,0],[-0.47,-4.179]],"o":[[4.179,0.464],[0,0]],"v":[[2.54,-10.464],[10.49,-2.525]],"c":false},"ix":2},"nm":"Path 2","mn":"ADBE Vector Shape - Group","hd":false},{"ind":2,"ty":"sh","ix":3,"ks":{"a":0,"k":{"i":[[0,0],[-0.39,-1.998]],"o":[[1.998,0.39],[0,0]],"v":[[2.54,-6.464],[6.49,-2.514]],"c":false},"ix":2},"nm":"Path 3","mn":"ADBE Vector Shape - Group","hd":false},{"ty":"mm","mm":1,"nm":"Merge Paths 1","mn":"ADBE Vector Filter - Merge","hd":false},{"ty":"st","c":{"a":0,"k":[0,0,0,1],"ix":3},"o":{"a":0,"k":100,"ix":4},"w":{"a":0,"k":2,"ix":5},"lc":2,"lj":2,"bm":0,"nm":"Stroke 1","mn":"ADBE Vector Graphic - Stroke","hd":false},{"ty":"tr","p":{"a":0,"k":[12.51,11.464],"ix":2},"a":{"a":0,"k":[0,0],"ix":1},"s":{"a":0,"k":[100,100],"ix":3},"r":{"a":0,"k":0,"ix":6},"o":{"a":0,"k":100,"ix":7},"sk":{"a":0,"k":0,"ix":4},"sa":{"a":0,"k":0,"ix":5},"nm":"Transform"}],"nm":"Group 1","np":5,"cix":2,"bm":0,"ix":1,"mn":"ADBE Vector Group","hd":false},{"ty":"tm","s":{"a":1,"k":[{"i":{"x":[0.212],"y":[1]},"o":{"x":[0.82],"y":[0]},"n":["0p212_1_0p82_0"],"t":0,"s":[100],"e":[0]},{"t":45}],"ix":1},"e":{"a":0,"k":100,"ix":2},"o":{"a":0,"k":0,"ix":3},"m":1,"ix":2,"nm":"Trim Paths 1","mn":"ADBE Vector Filter - Trim","hd":false}],"ip":0,"op":1800,"st":0,"bm":0}],"markers":[]}