{"v":"5.4.3","fr":60,"ip":0,"op":60,"w":72,"h":72,"nm":"droplet","ddd":0,"assets":[],"layers":[{"ddd":0,"ind":1,"ty":4,"nm":"droplet Outlines 2","sr":1,"ks":{"o":{"a":1,"k":[{"i":{"x":[0.833],"y":[0.833]},"o":{"x":[0.167],"y":[0.167]},"n":["0p833_0p833_0p167_0p167"],"t":0,"s":[100],"e":[50]},{"t":5}],"ix":11},"r":{"a":0,"k":0,"ix":10},"p":{"a":0,"k":[36,36,0],"ix":2},"a":{"a":0,"k":[12,12,0],"ix":1},"s":{"a":0,"k":[300,300,100],"ix":6}},"ao":0,"shapes":[{"ty":"gr","it":[{"ind":0,"ty":"sh","ix":1,"ks":{"a":0,"k":{"i":[[0,0],[0,0],[3.123,-3.126],[3.125,3.124],[-3.123,3.125],[-0.001,0.001]],"o":[[0,0],[3.125,3.123],[-3.123,3.125],[-3.125,-3.123],[0.002,-0.001],[0,0]],"v":[[-0.005,-10.051],[5.655,-4.391],[5.659,6.924],[-5.655,6.926],[-5.659,-4.387],[-5.655,-4.391]],"c":true},"ix":2},"nm":"Path 1","mn":"ADBE Vector Shape - Group","hd":false},{"ty":"st","c":{"a":0,"k":[0,0,0,1],"ix":3},"o":{"a":0,"k":100,"ix":4},"w":{"a":0,"k":2,"ix":5},"lc":2,"lj":2,"bm":0,"nm":"Stroke 1","mn":"ADBE Vector Graphic - Stroke","hd":false},{"ty":"tr","p":{"a":0,"k":[12.005,12.74],"ix":2},"a":{"a":0,"k":[0,0],"ix":1},"s":{"a":0,"k":[100,100],"ix":3},"r":{"a":0,"k":0,"ix":6},"o":{"a":0,"k":100,"ix":7},"sk":{"a":0,"k":0,"ix":4},"sa":{"a":0,"k":0,"ix":5},"nm":"Transform"}],"nm":"Group 1","np":2,"cix":2,"bm":0,"ix":1,"mn":"ADBE Vector Group","hd":false},{"ty":"tm","s":{"a":0,"k":0,"ix":1},"e":{"a":0,"k":100,"ix":2},"o":{"a":0,"k":0,"ix":3},"m":1,"ix":2,"nm":"Trim Paths 1","mn":"ADBE Vector Filter - Trim","hd":false}],"ip":0,"op":1800,"st":0,"bm":0},{"ddd":0,"ind":2,"ty":4,"nm":"droplet Outlines","sr":1,"ks":{"o":{"a":0,"k":100,"ix":11},"r":{"a":0,"k":0,"ix":10},"p":{"a":0,"k":[36,36,0],"ix":2},"a":{"a":0,"k":[12,12,0],"ix":1},"s":{"a":0,"k":[300,300,100],"ix":6}},"ao":0,"shapes":[{"ty":"gr","it":[{"ind":0,"ty":"sh","ix":1,"ks":{"a":0,"k":{"i":[[0,0],[0,0],[3.123,-3.126],[3.125,3.124],[-3.123,3.125],[-0.001,0.001]],"o":[[0,0],[3.125,3.123],[-3.123,3.125],[-3.125,-3.123],[0.002,-0.001],[0,0]],"v":[[-0.005,-10.051],[5.655,-4.391],[5.659,6.924],[-5.655,6.926],[-5.659,-4.387],[-5.655,-4.391]],"c":true},"ix":2},"nm":"Path 1","mn":"ADBE Vector Shape - Group","hd":false},{"ty":"st","c":{"a":0,"k":[0,0,0,1],"ix":3},"o":{"a":0,"k":100,"ix":4},"w":{"a":0,"k":2,"ix":5},"lc":2,"lj":2,"bm":0,"nm":"Stroke 1","mn":"ADBE Vector Graphic - Stroke","hd":false},{"ty":"tr","p":{"a":0,"k":[12.005,12.74],"ix":2},"a":{"a":0,"k":[0,0],"ix":1},"s":{"a":0,"k":[100,100],"ix":3},"r":{"a":0,"k":0,"ix":6},"o":{"a":0,"k":100,"ix":7},"sk":{"a":0,"k":0,"ix":4},"sa":{"a":0,"k":0,"ix":5},"nm":"Transform"}],"nm":"Group 1","np":2,"cix":2,"bm":0,"ix":1,"mn":"ADBE Vector Group","hd":false},{"ty":"tm","s":{"a":1,"k":[{"i":{"x":[0.212],"y":[1]},"o":{"x":[0.82],"y":[0]},"n":["0p212_1_0p82_0"],"t":0,"s":[100],"e":[0]},{"t":45}],"ix":1},"e":{"a":0,"k":100,"ix":2},"o":{"a":0,"k":0,"ix":3},"m":1,"ix":2,"nm":"Trim Paths 1","mn":"ADBE Vector Filter - Trim","hd":false}],"ip":0,"op":1800,"st":0,"bm":0}],"markers":[]}