{"v":"5.4.3","fr":60,"ip":0,"op":300,"w":500,"h":500,"nm":"Comp 1","ddd":0,"assets":[{"id":"comp_0","layers":[{"ddd":0,"ind":1,"ty":4,"nm":"Shape Layer 5","sr":1,"ks":{"o":{"a":0,"k":100,"ix":11},"r":{"a":0,"k":0,"ix":10},"p":{"a":1,"k":[{"i":{"x":0.667,"y":1},"o":{"x":0.787,"y":0},"n":"0p667_1_0p787_0","t":40,"s":[-254.125,753.875,0],"e":[250,250,0],"to":[84.0208358764648,-83.9791641235352,0],"ti":[-84.0208358764648,83.9791641235352,0]},{"t":100}],"ix":2},"a":{"a":0,"k":[0,0,0],"ix":1},"s":{"a":0,"k":[146.341,146.341,100],"ix":6}},"ao":0,"shapes":[{"ty":"gr","it":[{"d":1,"ty":"el","s":{"a":0,"k":[491,491],"ix":2},"p":{"a":0,"k":[0,0],"ix":3},"nm":"Ellipse Path 1","mn":"ADBE Vector Shape - Ellipse","hd":false},{"ty":"fl","c":{"a":0,"k":[1,0.831372608858,0,1],"ix":4},"o":{"a":0,"k":100,"ix":5},"r":1,"bm":0,"nm":"Fill 1","mn":"ADBE Vector Graphic - Fill","hd":false},{"ty":"tr","p":{"a":0,"k":[-0.5,0.5],"ix":2},"a":{"a":0,"k":[0,0],"ix":1},"s":{"a":0,"k":[100,100],"ix":3},"r":{"a":0,"k":0,"ix":6},"o":{"a":0,"k":100,"ix":7},"sk":{"a":0,"k":0,"ix":4},"sa":{"a":0,"k":0,"ix":5},"nm":"Transform"}],"nm":"Ellipse 1","np":3,"cix":2,"bm":0,"ix":1,"mn":"ADBE Vector Group","hd":false}],"ip":40,"op":340,"st":40,"bm":0},{"ddd":0,"ind":2,"ty":4,"nm":"Shape Layer 4","sr":1,"ks":{"o":{"a":0,"k":100,"ix":11},"r":{"a":0,"k":0,"ix":10},"p":{"a":1,"k":[{"i":{"x":0.667,"y":1},"o":{"x":0.787,"y":0},"n":"0p667_1_0p787_0","t":30,"s":[-254.125,753.875,0],"e":[250,250,0],"to":[84.0208358764648,-83.9791641235352,0],"ti":[-84.0208358764648,83.9791641235352,0]},{"t":90}],"ix":2},"a":{"a":0,"k":[0,0,0],"ix":1},"s":{"a":0,"k":[146.341,146.341,100],"ix":6}},"ao":0,"shapes":[{"ty":"gr","it":[{"d":1,"ty":"el","s":{"a":0,"k":[491,491],"ix":2},"p":{"a":0,"k":[0,0],"ix":3},"nm":"Ellipse Path 1","mn":"ADBE Vector Shape - Ellipse","hd":false},{"ty":"fl","c":{"a":0,"k":[1,0.627450980392,0,1],"ix":4},"o":{"a":0,"k":100,"ix":5},"r":1,"bm":0,"nm":"Fill 1","mn":"ADBE Vector Graphic - Fill","hd":false},{"ty":"tr","p":{"a":0,"k":[-0.5,0.5],"ix":2},"a":{"a":0,"k":[0,0],"ix":1},"s":{"a":0,"k":[100,100],"ix":3},"r":{"a":0,"k":0,"ix":6},"o":{"a":0,"k":100,"ix":7},"sk":{"a":0,"k":0,"ix":4},"sa":{"a":0,"k":0,"ix":5},"nm":"Transform"}],"nm":"Ellipse 1","np":3,"cix":2,"bm":0,"ix":1,"mn":"ADBE Vector Group","hd":false}],"ip":30,"op":330,"st":30,"bm":0},{"ddd":0,"ind":3,"ty":4,"nm":"Shape Layer 3","sr":1,"ks":{"o":{"a":0,"k":100,"ix":11},"r":{"a":0,"k":0,"ix":10},"p":{"a":1,"k":[{"i":{"x":0.667,"y":1},"o":{"x":0.787,"y":0},"n":"0p667_1_0p787_0","t":20,"s":[-254.125,753.875,0],"e":[250,250,0],"to":[84.0208358764648,-83.9791641235352,0],"ti":[-84.0208358764648,83.9791641235352,0]},{"t":80}],"ix":2},"a":{"a":0,"k":[0,0,0],"ix":1},"s":{"a":0,"k":[146.341,146.341,100],"ix":6}},"ao":0,"shapes":[{"ty":"gr","it":[{"d":1,"ty":"el","s":{"a":0,"k":[491,491],"ix":2},"p":{"a":0,"k":[0,0],"ix":3},"nm":"Ellipse Path 1","mn":"ADBE Vector Shape - Ellipse","hd":false},{"ty":"fl","c":{"a":0,"k":[0.960784313725,0.486274509804,0,1],"ix":4},"o":{"a":0,"k":100,"ix":5},"r":1,"bm":0,"nm":"Fill 1","mn":"ADBE Vector Graphic - Fill","hd":false},{"ty":"tr","p":{"a":0,"k":[-0.5,0.5],"ix":2},"a":{"a":0,"k":[0,0],"ix":1},"s":{"a":0,"k":[100,100],"ix":3},"r":{"a":0,"k":0,"ix":6},"o":{"a":0,"k":100,"ix":7},"sk":{"a":0,"k":0,"ix":4},"sa":{"a":0,"k":0,"ix":5},"nm":"Transform"}],"nm":"Ellipse 1","np":3,"cix":2,"bm":0,"ix":1,"mn":"ADBE Vector Group","hd":false}],"ip":20,"op":320,"st":20,"bm":0},{"ddd":0,"ind":4,"ty":4,"nm":"Shape Layer 2","sr":1,"ks":{"o":{"a":0,"k":100,"ix":11},"r":{"a":0,"k":0,"ix":10},"p":{"a":1,"k":[{"i":{"x":0.667,"y":1},"o":{"x":0.787,"y":0},"n":"0p667_1_0p787_0","t":10,"s":[-254.125,753.875,0],"e":[250,250,0],"to":[84.0208358764648,-83.9791641235352,0],"ti":[-84.0208358764648,83.9791641235352,0]},{"t":70}],"ix":2},"a":{"a":0,"k":[0,0,0],"ix":1},"s":{"a":0,"k":[146.341,146.341,100],"ix":6}},"ao":0,"shapes":[{"ty":"gr","it":[{"d":1,"ty":"el","s":{"a":0,"k":[491,491],"ix":2},"p":{"a":0,"k":[0,0],"ix":3},"nm":"Ellipse Path 1","mn":"ADBE Vector Shape - Ellipse","hd":false},{"ty":"fl","c":{"a":0,"k":[0.901960784314,0.290196078431,0.098039215686,1],"ix":4},"o":{"a":0,"k":100,"ix":5},"r":1,"bm":0,"nm":"Fill 1","mn":"ADBE Vector Graphic - Fill","hd":false},{"ty":"tr","p":{"a":0,"k":[-0.5,0.5],"ix":2},"a":{"a":0,"k":[0,0],"ix":1},"s":{"a":0,"k":[100,100],"ix":3},"r":{"a":0,"k":0,"ix":6},"o":{"a":0,"k":100,"ix":7},"sk":{"a":0,"k":0,"ix":4},"sa":{"a":0,"k":0,"ix":5},"nm":"Transform"}],"nm":"Ellipse 1","np":3,"cix":2,"bm":0,"ix":1,"mn":"ADBE Vector Group","hd":false}],"ip":10,"op":310,"st":10,"bm":0},{"ddd":0,"ind":5,"ty":4,"nm":"Shape Layer 1","sr":1,"ks":{"o":{"a":0,"k":100,"ix":11},"r":{"a":0,"k":0,"ix":10},"p":{"a":1,"k":[{"i":{"x":0.667,"y":1},"o":{"x":0.787,"y":0},"n":"0p667_1_0p787_0","t":0,"s":[-254.125,753.875,0],"e":[250,250,0],"to":[84.0208358764648,-83.9791641235352,0],"ti":[-84.0208358764648,83.9791641235352,0]},{"t":60}],"ix":2},"a":{"a":0,"k":[0,0,0],"ix":1},"s":{"a":0,"k":[146.341,146.341,100],"ix":6}},"ao":0,"shapes":[{"ty":"gr","it":[{"d":1,"ty":"el","s":{"a":0,"k":[491,491],"ix":2},"p":{"a":0,"k":[0,0],"ix":3},"nm":"Ellipse Path 1","mn":"ADBE Vector Shape - Ellipse","hd":false},{"ty":"fl","c":{"a":0,"k":[0.674509803922,0.03137254902,0,1],"ix":4},"o":{"a":0,"k":100,"ix":5},"r":1,"bm":0,"nm":"Fill 1","mn":"ADBE Vector Graphic - Fill","hd":false},{"ty":"tr","p":{"a":0,"k":[-0.5,0.5],"ix":2},"a":{"a":0,"k":[0,0],"ix":1},"s":{"a":0,"k":[100,100],"ix":3},"r":{"a":0,"k":0,"ix":6},"o":{"a":0,"k":100,"ix":7},"sk":{"a":0,"k":0,"ix":4},"sa":{"a":0,"k":0,"ix":5},"nm":"Transform"}],"nm":"Ellipse 1","np":3,"cix":2,"bm":0,"ix":1,"mn":"ADBE Vector Group","hd":false}],"ip":0,"op":300,"st":0,"bm":0}]}],"layers":[{"ddd":0,"ind":1,"ty":4,"nm":"flight-iconani Outlines","sr":1,"ks":{"o":{"a":0,"k":100,"ix":11},"r":{"a":0,"k":0,"ix":10},"p":{"a":0,"k":[250,250,0],"ix":2},"a":{"a":0,"k":[250,250,0],"ix":1},"s":{"a":0,"k":[117.143,117.143,100],"ix":6}},"ao":0,"shapes":[{"ty":"gr","it":[{"ind":0,"ty":"sh","ix":1,"ks":{"a":0,"k":{"i":[[28.119,-28.12],[4.219,-4.23],[5.05,-0.03],[0,0],[4.681,0.01],[0.84,0.66],[-1.641,1.79],[-0.789,0.781],[-4.67,4.66],[-5.62,5.63],[-2.681,2.93],[2.88,5.22],[5.859,-1.05],[2.151,-2.14],[0.76,-0.76],[0,0],[5.81,-5.8],[0,0],[4.8,-4.8],[2.991,-2.99],[0.551,-0.539],[3.84,0.34],[1.93,4.15],[0,2.721],[0,0],[-8.5,8.5],[0,0],[-27.96,-26.04]],"o":[[-4.221,4.23],[-3.56,3.56],[0,0],[-4.679,0],[-1.04,0],[-1.92,-1.49],[0.75,-0.82],[4.66,-4.659],[5.62,-5.63],[2.811,-2.81],[4.029,-4.39],[-2.88,-5.21],[-3.011,0.54],[-0.759,0.76],[0,0],[-5.81,5.8],[0,0],[-4.801,4.81],[-3,2.99],[-0.539,0.55],[-2.719,2.701],[-4.531,-0.41],[-1.18,-2.54],[0,0],[0,-12.03],[0,0],[27.009,-27.01],[29.341,27.33]],"v":[[96.93,-3.43],[84.28,9.27],[71.02,14.92],[23.379,14.92],[9.339,14.92],[6.459,14.06],[5.94,7.91],[8.299,5.549],[22.289,-8.44],[39.159,-25.32],[47.6,-33.78],[49.539,-50.05],[34.76,-57.08],[26.999,-52.87],[24.73,-50.59],[-0.23,-25.63],[-17.651,-8.22],[-34.87,9],[-49.27,23.41],[-58.251,32.38],[-59.881,34.009],[-70.1,37.82],[-80.73,30.45],[-81.91,22.549],[-81.91,-5.06],[-68.631,-37.13],[-3.89,-101.87],[95.089,-104.84]],"c":true},"ix":2},"nm":"Path 1","mn":"ADBE Vector Shape - Group","hd":false},{"ind":1,"ty":"sh","ix":2,"ks":{"a":0,"k":{"i":[[0.361,-1.27],[0.34,-0.35],[5.019,-5.03],[0.141,-0.15],[12.06,0],[0,0],[1.13,0.02],[2.31,2.771],[-0.341,3.36],[-2.15,2.14],[-1.881,1.879],[-0.549,0.551],[-2.279,0.63],[-1.229,0],[0,0],[-0.37,-0.06]],"o":[[-0.139,0.49],[-5,5.05],[-0.151,0.15],[-8.51,8.54],[0,0],[-1.12,0],[-3.6,-0.05],[-2.161,-2.589],[0.31,-3.06],[1.879,-1.88],[0.56,-0.55],[1.681,-1.659],[1.19,-0.33],[0,0],[0.38,0],[1.299,0.19]],"v":[[47.419,45.84],[46.619,47.03],[31.57,62.12],[31.129,62.57],[-0.99,75.9],[-28.81,75.9],[-32.18,75.9],[-41.51,71.509],[-44.41,62.12],[-40.47,54.32],[-34.83,48.67],[-33.171,47.009],[-27.151,43.5],[-23.501,43],[44.459,43],[45.61,43.03]],"c":true},"ix":2},"nm":"Path 2","mn":"ADBE Vector Shape - Group","hd":false},{"ind":2,"ty":"sh","ix":3,"ks":{"a":0,"k":{"i":[[1.319,-4.59],[1.67,-1.67],[2.211,-2.21],[4.551,-4.55],[0,0],[0.779,-0.77],[4.14,0.34],[2.19,4.3],[-2.41,4.08],[-1.2,1.2],[-1.39,1.38],[-4.419,4.42],[-4.169,4.17],[-1.03,1.03],[-3.069,0.509],[-3.181,-3.57]],"o":[[-0.66,2.27],[-2.21,2.2],[-4.549,4.55],[0,0],[-0.78,0.781],[-2.94,2.91],[-4.81,-0.39],[-2.141,-4.23],[0.88,-1.48],[1.39,-1.38],[4.42,-4.42],[4.171,-4.17],[1.031,-1.03],[2.19,-2.18],[4.721,-0.78],[3.18,3.57]],"v":[[-68.07,78.75],[-71.631,84.78],[-78.251,91.39],[-91.901,105.04],[-103.66,116.799],[-105.99,119.13],[-117.12,123.24],[-128.49,115.61],[-128.06,102.12],[-124.82,98.25],[-120.66,94.1],[-107.401,80.83],[-94.881,68.31],[-91.79,65.22],[-83.861,61],[-71.07,65.52]],"c":true},"ix":2},"nm":"Path 3","mn":"ADBE Vector Shape - Group","hd":false},{"ind":3,"ty":"sh","ix":4,"ks":{"a":0,"k":{"i":[[116.111,0],[0,-116.11],[-116.11,0],[0,116.11]],"o":[[-116.11,0],[0,116.11],[116.111,0],[0,-116.11]],"v":[[-0.001,-210.24],[-210.24,0],[-0.001,210.24],[210.24,0]],"c":true},"ix":2},"nm":"Path 4","mn":"ADBE Vector Shape - Group","hd":false},{"ty":"mm","mm":1,"nm":"Merge Paths 1","mn":"ADBE Vector Filter - Merge","hd":false},{"ty":"fl","c":{"a":0,"k":[0.184000007779,0.234999997008,0.819999964097,1],"ix":4},"o":{"a":0,"k":100,"ix":5},"r":1,"bm":0,"nm":"Fill 1","mn":"ADBE Vector Graphic - Fill","hd":false},{"ty":"tr","p":{"a":0,"k":[249.97,249.76],"ix":2},"a":{"a":0,"k":[0,0],"ix":1},"s":{"a":0,"k":[100,100],"ix":3},"r":{"a":0,"k":0,"ix":6},"o":{"a":0,"k":100,"ix":7},"sk":{"a":0,"k":0,"ix":4},"sa":{"a":0,"k":0,"ix":5},"nm":"Transform"}],"nm":"Group 4","np":6,"cix":2,"bm":0,"ix":1,"mn":"ADBE Vector Group","hd":false}],"ip":0,"op":300,"st":0,"bm":0},{"ddd":0,"ind":2,"ty":0,"nm":"Comp 2","refId":"comp_0","sr":1,"ks":{"o":{"a":0,"k":100,"ix":11},"r":{"a":0,"k":0,"ix":10},"p":{"a":0,"k":[250,250,0],"ix":2},"a":{"a":0,"k":[250,250,0],"ix":1},"s":{"a":0,"k":[62,62,100],"ix":6}},"ao":0,"w":500,"h":500,"ip":150,"op":300,"st":150,"bm":0},{"ddd":0,"ind":3,"ty":0,"nm":"Comp 2","refId":"comp_0","sr":1,"ks":{"o":{"a":0,"k":100,"ix":11},"r":{"a":0,"k":0,"ix":10},"p":{"a":0,"k":[250,250,0],"ix":2},"a":{"a":0,"k":[250,250,0],"ix":1},"s":{"a":0,"k":[62,62,100],"ix":6}},"ao":0,"w":500,"h":500,"ip":0,"op":150,"st":0,"bm":0},{"ddd":0,"ind":4,"ty":4,"nm":"Shape Layer 1","sr":1,"ks":{"o":{"a":0,"k":100,"ix":11},"r":{"a":0,"k":0,"ix":10},"p":{"a":0,"k":[250,250,0],"ix":2},"a":{"a":0,"k":[0,0,0],"ix":1},"s":{"a":0,"k":[100,100,100],"ix":6}},"ao":0,"shapes":[{"ty":"gr","it":[{"ty":"rc","d":1,"s":{"a":0,"k":[320,304],"ix":2},"p":{"a":0,"k":[0,0],"ix":3},"r":{"a":0,"k":0,"ix":4},"nm":"Rectangle Path 1","mn":"ADBE Vector Shape - Rect","hd":false},{"ty":"fl","c":{"a":0,"k":[1,0.831372608858,0,1],"ix":4},"o":{"a":0,"k":100,"ix":5},"r":1,"bm":0,"nm":"Fill 1","mn":"ADBE Vector Graphic - Fill","hd":false},{"ty":"tr","p":{"a":0,"k":[-10,6],"ix":2},"a":{"a":0,"k":[0,0],"ix":1},"s":{"a":0,"k":[100,100],"ix":3},"r":{"a":0,"k":0,"ix":6},"o":{"a":0,"k":100,"ix":7},"sk":{"a":0,"k":0,"ix":4},"sa":{"a":0,"k":0,"ix":5},"nm":"Transform"}],"nm":"Rectangle 1","np":3,"cix":2,"bm":0,"ix":1,"mn":"ADBE Vector Group","hd":false}],"ip":0,"op":300,"st":0,"bm":0}],"markers":[]}