{"v":"5.4.3","fr":60,"ip":0,"op":60,"w":72,"h":72,"nm":"github","ddd":0,"assets":[],"layers":[{"ddd":0,"ind":1,"ty":4,"nm":"github Outlines 2","sr":1,"ks":{"o":{"a":1,"k":[{"i":{"x":[0.833],"y":[0.833]},"o":{"x":[0.167],"y":[0.167]},"n":["0p833_0p833_0p167_0p167"],"t":0,"s":[100],"e":[50]},{"t":5}],"ix":11},"r":{"a":0,"k":0,"ix":10},"p":{"a":0,"k":[36,36,0],"ix":2},"a":{"a":0,"k":[12,12,0],"ix":1},"s":{"a":0,"k":[300,300,100],"ix":6}},"ao":0,"shapes":[{"ty":"gr","it":[{"ind":0,"ty":"sh","ix":1,"ks":{"a":0,"k":{"i":[[0,0],[0,0],[0.673,0.695],[0,5.46],[0.963,1.011],[0.514,1.198],[2.73,-1.83],[2.292,-0.621],[0,0],[-0.456,-1.222],[-0.007,-1.406],[-3.14,-0.39],[-0.067,-0.954],[0,0]],"o":[[0,0],[0.076,-0.965],[3.14,-0.35],[0,-1.396],[0.456,-1.222],[0,0],[-2.292,-0.621],[-2.73,-1.83],[-0.514,1.198],[-0.97,1.019],[0,5.42],[-0.666,0.687],[0,0],[0,0]],"v":[[4.25,10.675],[4.25,6.805],[3.31,4.195],[9.75,-2.805],[8.25,-6.555],[8.16,-10.325],[4.25,-8.845],[-2.75,-8.845],[-6.66,-10.325],[-6.75,-6.555],[-8.25,-2.775],[-1.81,4.225],[-2.75,6.805],[-2.75,10.675]],"c":false},"ix":2},"nm":"Path 1","mn":"ADBE Vector Shape - Group","hd":false},{"ind":1,"ty":"sh","ix":2,"ks":{"a":0,"k":{"i":[[0,0],[2,0.5]],"o":[[-5,1.5],[0,0]],"v":[[-2.75,7.675],[-9.75,4.675]],"c":false},"ix":2},"nm":"Path 2","mn":"ADBE Vector Shape - Group","hd":false},{"ty":"mm","mm":1,"nm":"Merge Paths 1","mn":"ADBE Vector Filter - Merge","hd":false},{"ty":"st","c":{"a":0,"k":[0,0,0,1],"ix":3},"o":{"a":0,"k":100,"ix":4},"w":{"a":0,"k":2,"ix":5},"lc":2,"lj":2,"bm":0,"nm":"Stroke 1","mn":"ADBE Vector Graphic - Stroke","hd":false},{"ty":"tr","p":{"a":0,"k":[11.75,11.325],"ix":2},"a":{"a":0,"k":[0,0],"ix":1},"s":{"a":0,"k":[100,100],"ix":3},"r":{"a":0,"k":0,"ix":6},"o":{"a":0,"k":100,"ix":7},"sk":{"a":0,"k":0,"ix":4},"sa":{"a":0,"k":0,"ix":5},"nm":"Transform"}],"nm":"Group 1","np":4,"cix":2,"bm":0,"ix":1,"mn":"ADBE Vector Group","hd":false},{"ty":"tm","s":{"a":0,"k":0,"ix":1},"e":{"a":0,"k":100,"ix":2},"o":{"a":0,"k":0,"ix":3},"m":1,"ix":2,"nm":"Trim Paths 1","mn":"ADBE Vector Filter - Trim","hd":false}],"ip":0,"op":1800,"st":0,"bm":0},{"ddd":0,"ind":2,"ty":4,"nm":"github Outlines","sr":1,"ks":{"o":{"a":0,"k":100,"ix":11},"r":{"a":0,"k":0,"ix":10},"p":{"a":0,"k":[36,36,0],"ix":2},"a":{"a":0,"k":[12,12,0],"ix":1},"s":{"a":0,"k":[300,300,100],"ix":6}},"ao":0,"shapes":[{"ty":"gr","it":[{"ind":0,"ty":"sh","ix":1,"ks":{"a":0,"k":{"i":[[0,0],[0,0],[0.673,0.695],[0,5.46],[0.963,1.011],[0.514,1.198],[2.73,-1.83],[2.292,-0.621],[0,0],[-0.456,-1.222],[-0.007,-1.406],[-3.14,-0.39],[-0.067,-0.954],[0,0]],"o":[[0,0],[0.076,-0.965],[3.14,-0.35],[0,-1.396],[0.456,-1.222],[0,0],[-2.292,-0.621],[-2.73,-1.83],[-0.514,1.198],[-0.97,1.019],[0,5.42],[-0.666,0.687],[0,0],[0,0]],"v":[[4.25,10.675],[4.25,6.805],[3.31,4.195],[9.75,-2.805],[8.25,-6.555],[8.16,-10.325],[4.25,-8.845],[-2.75,-8.845],[-6.66,-10.325],[-6.75,-6.555],[-8.25,-2.775],[-1.81,4.225],[-2.75,6.805],[-2.75,10.675]],"c":false},"ix":2},"nm":"Path 1","mn":"ADBE Vector Shape - Group","hd":false},{"ind":1,"ty":"sh","ix":2,"ks":{"a":0,"k":{"i":[[0,0],[2,0.5]],"o":[[-5,1.5],[0,0]],"v":[[-2.75,7.675],[-9.75,4.675]],"c":false},"ix":2},"nm":"Path 2","mn":"ADBE Vector Shape - Group","hd":false},{"ty":"mm","mm":1,"nm":"Merge Paths 1","mn":"ADBE Vector Filter - Merge","hd":false},{"ty":"st","c":{"a":0,"k":[0,0,0,1],"ix":3},"o":{"a":0,"k":100,"ix":4},"w":{"a":0,"k":2,"ix":5},"lc":2,"lj":2,"bm":0,"nm":"Stroke 1","mn":"ADBE Vector Graphic - Stroke","hd":false},{"ty":"tr","p":{"a":0,"k":[11.75,11.325],"ix":2},"a":{"a":0,"k":[0,0],"ix":1},"s":{"a":0,"k":[100,100],"ix":3},"r":{"a":0,"k":0,"ix":6},"o":{"a":0,"k":100,"ix":7},"sk":{"a":0,"k":0,"ix":4},"sa":{"a":0,"k":0,"ix":5},"nm":"Transform"}],"nm":"Group 1","np":4,"cix":2,"bm":0,"ix":1,"mn":"ADBE Vector Group","hd":false},{"ty":"tm","s":{"a":1,"k":[{"i":{"x":[0.212],"y":[1]},"o":{"x":[0.82],"y":[0]},"n":["0p212_1_0p82_0"],"t":0,"s":[100],"e":[0]},{"t":45}],"ix":1},"e":{"a":0,"k":100,"ix":2},"o":{"a":0,"k":0,"ix":3},"m":1,"ix":2,"nm":"Trim Paths 1","mn":"ADBE Vector Filter - Trim","hd":false}],"ip":0,"op":1800,"st":0,"bm":0}],"markers":[]}